date,time,user_id,comment
14/01/24,20:16:55,6964493401480676353,01
14/01/24,20:17:16,6964493401480676353,02
14/01/24,20:17:26,6964493401480676353,03
14/01/24,22:14:34,6935431085501678594,1
14/01/24,22:14:48,6935431085501678594,2
14/01/24,22:15:01,6935431085501678594,3
14/01/24,22:36:50,6935431085501678594,1
14/01/24,22:37:01,6935431085501678594,2
14/01/24,22:37:13,6935431085501678594,3
15/01/24,00:30:26,6964493401480676353,2
15/01/24,00:30:41,6964493401480676353,1
15/01/24,00:30:54,6964493401480676353,3
